{
    "prec": [
        1.0,
        0.9751381215469613,
        0.9597402597402598,
        0.9420935412026726,
        0.956973293768546,
        0.9409020217729394,
        0.9861111111111112,
        0.9723502304147466,
        0.9451754385964912,
        0.9557344064386318,
        0.9848024316109423,
        0.9303370786516854,
        0.9757834757834758,
        0.9972183588317107,
        0.9925093632958801,
        0.985781990521327,
        0.9801324503311258,
        0.9861878453038674,
        0.9447368421052632,
        0.9661016949152542,
        0.9072164948453608,
        0.8617021276595744,
        0.9478260869565217,
        0.9177215189873418,
        1.0,
        0.9515151515151515,
        0.9144385026737968,
        0.8333333333333334,
        0.9866666666666667,
        0.9882352941176471,
        0.9555555555555556,
        0.925531914893617,
        1.0,
        0.9765258215962441,
        0.9829059829059829,
        0.9816272965879265,
        0.9752066115702479,
        0.9827586206896551,
        0.9840579710144928,
        0.9775280898876404,
        0.9876543209876543,
        0.9411764705882353,
        1.0,
        1.0,
        0.9915254237288136,
        0.918918918918919,
        0.9933333333333333,
        1.0
    ],
    "reca": [
        0.9,
        0.9805555555555555,
        0.9853333333333333,
        0.94,
        0.9772727272727273,
        0.9603174603174603,
        0.9466666666666667,
        0.9377777777777778,
        0.9577777777777777,
        0.9895833333333334,
        0.9818181818181818,
        0.9857142857142858,
        0.9927536231884058,
        0.9958333333333333,
        0.9814814814814815,
        0.9904761904761905,
        0.9866666666666667,
        0.9916666666666667,
        0.9205128205128205,
        0.95,
        0.9777777777777777,
        0.9,
        0.9083333333333333,
        0.9666666666666667,
        0.9333333333333333,
        0.98125,
        0.95,
        0.5,
        0.9866666666666667,
        0.9333333333333333,
        0.86,
        0.9666666666666667,
        0.95,
        0.9904761904761905,
        0.9583333333333334,
        0.958974358974359,
        0.9833333333333333,
        0.95,
        0.9840579710144928,
        0.9666666666666667,
        0.8888888888888888,
        0.8,
        0.9111111111111111,
        0.9743589743589743,
        0.975,
        0.68,
        0.9802631578947368,
        0.8461538461538461
    ],
    "spec": [
        1.0,
        0.998492209750377,
        0.9973988924316161,
        0.9978739062883311,
        0.9975853455453788,
        0.9968488266025375,
        0.999839820599071,
        0.9990176817288802,
        0.9979541734860884,
        0.9981927215969769,
        0.9991658324991658,
        0.9974679408641672,
        0.9985783575848804,
        0.9998320879858954,
        0.9998382269675645,
        0.9997584735528541,
        0.9997596346446599,
        0.9995926348378686,
        0.998291015625,
        0.9998409036671705,
        0.9992826970590579,
        0.9989648033126294,
        0.9995208815778966,
        0.9989595005602689,
        1.0,
        0.998029394860005,
        0.9987170234945073,
        0.9995238850976036,
        0.9998397435897436,
        0.9999202742565575,
        0.9995201151723586,
        0.998304537380914,
        1.0,
        0.9995975207276825,
        0.9998401662271238,
        0.9994289909454278,
        0.9997602110143075,
        0.999920445505171,
        0.9990801137313932,
        0.9998405230842835,
        0.9999202996732287,
        0.9997615451871871,
        1.0,
        1.0,
        0.9999200639488409,
        0.9997618102421596,
        0.9999198589517551,
        1.0
    ],
    "posl": [
        Infinity,
        662.2222222222463,
        383.45161290322795,
        469.34615384616313,
        413.13793103447574,
        316.34210526315405,
        6241.999999999621,
        1017.0000000000124,
        487.80000000000285,
        552.3181818181822,
        1197.7999999999472,
        393.93548387096087,
        702.4117647058995,
        5954.500000000373,
        6180.500000000691,
        4139.333333334005,
        4159.333333333439,
        2453.799999999866,
        584.1428571428571,
        6284.500000000667,
        1393.1111111110733,
        964.9999999999809,
        2086.1666666665665,
        960.0769230769356,
        Infinity,
        506.4583333333446,
        778.4375000000296,
        2099.3333333334995,
        6239.000000000022,
        12542.00000000832,
        2082.8333333332475,
        588.809523809532,
        Infinity,
        2483.5999999997694,
        6255.500000000124,
        1750.285714285591,
        4169.333333334105,
        12568.999999994476,
        1086.0909090908506,
        6269.499999998257,
        12546.000000007429,
        4192.666666667455,
        Infinity,
        Infinity,
        12508.99999999892,
        4197.333333333537,
        12476.99999999524,
        Infinity
    ],
    "negl": [
        0.0,
        0.0015100671140939048,
        0.002607890973332197,
        0.0021306236171432834,
        0.0024204991236124276,
        0.003161134680974999,
        0.0001602050624799841,
        0.000983284169124865,
        0.00205002050020499,
        0.001810550571969384,
        0.0008348639171815362,
        0.0025384867343596906,
        0.0014236663596013386,
        0.00016794021328406036,
        0.0001617992071838667,
        0.00024158479626344928,
        0.00024042314473472697,
        0.0004075311761349966,
        0.0017119100024455857,
        0.0001591216485002616,
        0.0007178178337853121,
        0.001036269430051834,
        0.000479348086602244,
        0.0010415832064738268,
        0.0,
        0.001974496092143107,
        0.0012846246487353988,
        0.0004763416957763992,
        0.0001602820964898215,
        7.973210014346488e-05,
        0.00048011522765465693,
        0.0016983420946218928,
        0.0,
        0.00040264132710585154,
        0.0001598593237950572,
        0.0005713352921972326,
        0.00023984649824108128,
        7.95608242501742e-05,
        0.0009207332384699583,
        0.00015950235265974606,
        7.970667941968818e-05,
        0.00023851168707262173,
        0.0,
        0.0,
        7.994244144216855e-05,
        0.00023824650571790457,
        8.014747134730958e-05,
        0.0
    ],
    "bcrt": [
        0.95,
        0.9895238826529662,
        0.9913661128824747,
        0.9689369531441655,
        0.987429036409053,
        0.978583143459999,
        0.9732532436328688,
        0.968397729753329,
        0.977865975631933,
        0.9938880274651551,
        0.9904920071586738,
        0.9915911132892266,
        0.9956659903866432,
        0.9978327106596143,
        0.9906598542245231,
        0.9951173320145223,
        0.9932131506556633,
        0.9956296507522677,
        0.9594019180689102,
        0.9749204518335852,
        0.9885302374184178,
        0.9494824016563147,
        0.953927107455615,
        0.9828130836134679,
        0.9666666666666667,
        0.9896396974300025,
        0.9743585117472536,
        0.7497619425488018,
        0.9932532051282051,
        0.9666268037949455,
        0.9297600575861793,
        0.9824856020237903,
        0.975,
        0.9950368556019364,
        0.9790867497802286,
        0.9792016749598934,
        0.9915467721738204,
        0.9749602227525855,
        0.991569042372943,
        0.983253594875475,
        0.9444045942810588,
        0.8998807725935936,
        0.9555555555555555,
        0.9871794871794872,
        0.9874600319744204,
        0.8398809051210798,
        0.990091508423246,
        0.9230769230769231
    ],