{
    "prec": [
        0.735632183908046,
        0.8568181818181818,
        0.823170731707317,
        0.696969696969697,
        0.9232914923291492,
        0.8228346456692913,
        0.8509316770186336,
        0.862,
        0.8728323699421965,
        0.8480392156862745,
        0.8017241379310345,
        0.743801652892562,
        0.7985462097611631,
        0.7545219638242894,
        0.8314285714285714,
        0.754325259515571,
        0.6745098039215687,
        0.7761467889908257,
        0.7618069815195072,
        0.7631578947368421,
        0.5153061224489796,
        0.7142857142857143,
        0.6477272727272727,
        0.7453703703703703,
        0.9,
        0.8020989505247377,
        0.6538461538461539,
        0.8571428571428571,
        0.8109452736318408,
        0.7549019607843137,
        0.5689655172413793,
        0.9140127388535032,
        0.6057692307692307,
        0.7898305084745763,
        0.6878048780487804,
        0.8207171314741036,
        0.87248322147651,
        0.735632183908046,
        0.739961759082218,
        0.7345132743362832,
        0.4272300469483568,
        0.6559139784946236,
        0.72,
        NaN,
        NaN,
        NaN,
        NaN,
        NaN
    ],
    "reca": [
        0.8,
        0.8004246284501062,
        0.8316221765913757,
        0.817258883248731,
        0.7715617715617715,
        0.7683823529411765,
        0.7135416666666666,
        0.7255892255892256,
        0.766497461928934,
        0.8277511961722488,
        0.8641114982578397,
        0.8152173913043478,
        0.8544444444444445,
        0.9358974358974359,
        0.8362068965517241,
        0.7985347985347986,
        0.8958333333333334,
        0.8668032786885246,
        0.7274509803921568,
        0.7160493827160493,
        0.8015873015873016,
        0.6910569105691057,
        0.7169811320754716,
        0.8009950248756219,
        0.6923076923076923,
        0.8492063492063492,
        0.7791666666666667,
        0.5714285714285714,
        0.7990196078431373,
        0.6581196581196581,
        0.676923076923077,
        0.8247126436781609,
        0.75,
        0.8090277777777778,
        0.8650306748466258,
        0.8046875,
        0.8074534161490683,
        0.7901234567901234,
        0.862876254180602,
        0.6916666666666667,
        0.7222222222222222,
        0.7261904761904762,
        0.7894736842105263,
        0.0,
        0.0,
        0.0,
        0.0,
        0.0
    ],
    "spec": [
        0.9982815301852959,
        0.9901539423302337,
        0.9863945578231292,
        0.9840328467153284,
        0.9957091589951631,
        0.9895615866388309,
        0.9981971153846154,
        0.9947179055347164,
        0.9949378739070409,
        0.9928456035079621,
        0.9856976292265838,
        0.9881949733434882,
        0.9849027237354085,
        0.9777933613838242,
        0.9955279314788146,
        0.9946528091580057,
        0.9937762447510498,
        0.9907040536421823,
        0.9911921032649962,
        0.9986552110571535,
        0.9929204858782323,
        0.9974577538507552,
        0.9953637927166679,
        0.9958705608529169,
        0.999325994158616,
        0.9898633082475811,
        0.9925770413136388,
        0.9994023160254015,
        0.9971428571428571,
        0.9981305615793016,
        0.9925334129769282,
        0.9979491074819598,
        0.9969409833619339,
        0.9953221668930134,
        0.9952052741983818,
        0.9931313439670304,
        0.9985729307495869,
        0.9982815301852959,
        0.9789522556681886,
        0.9977565061322166,
        0.9909334126040428,
        0.9976112272320096,
        0.9973821989528796,
        1.0,
        1.0,
        1.0,
        1.0,
        1.0
    ],
    "posl": [
        580.9130434782563,
        100.56349206349242,
        72.49999999999991,
        61.62857142857126,
        232.05454545454816,
        94.79999999999974,
        553.6666666666772,
        188.3188405797109,
        196.5454545454529,
        138.77419354838685,
        68.91847826086965,
        83.70967741935458,
        65.2371134020618,
        44.03157894736843,
        222.6101694915281,
        186.0140845070411,
        159.67469879517978,
        106.5737704918035,
        112.53448275862043,
        742.6111111110896,
        140.25263157894702,
        392.3529411764697,
        214.69354838709435,
        241.16363636363835,
        1482.6666666665856,
        97.65151515151561,
        133.7171717171722,
        1672.1249999998827,
        348.9999999999958,
        533.9200000000002,
        132.92999999999932,
        486.592592592595,
        325.90243902439397,
        212.77419354838798,
        207.56250000000017,
        144.5888888888878,
        699.7368421052441,
        580.9130434782563,
        46.511029411764824,
        444.7333333333307,
        109.29508196721272,
        417.62500000000216,
        381.00000000000364,
        Infinity,
        Infinity,
        Infinity,
        Infinity,
        Infinity
    ],
    "negl": [
        0.0017214280368236046,
        0.009943966537763362,
        0.013793103448275877,
        0.01622624014835424,
        0.0043093316618349415,
        0.010548523206751082,
        0.0018061408789885268,
        0.00531014314298905,
        0.005087881591119376,
        0.007205950720595085,
        0.01450989669584416,
        0.01194605009633915,
        0.015328697850821757,
        0.022710972985895285,
        0.004492157758489363,
        0.005375937003104448,
        0.006262732966120916,
        0.009383171819720024,
        0.008886165160104204,
        0.0013465998354156145,
        0.007129990993695605,
        0.002548725637181415,
        0.004657801818045278,
        0.004146562123039773,
        0.0006744604316547132,
        0.010240496508921596,
        0.007478471068137155,
        0.000598041414367987,
        0.0028653295128940174,
        0.0018729397662571165,
        0.007522756337922253,
        0.002055107322271264,
        0.003068402933692526,
        0.004699818071558501,
        0.004817825956037334,
        0.00691616076231466,
        0.0014291086874765337,
        0.0017214280368236046,
        0.021500276657971648,
        0.0022485384500075087,
        0.00914954252287389,
        0.0023944926668661953,
        0.0026246719160104735,
        0.0,
        0.0,
        0.0,
        0.0,
        0.0
    ],
    "bcrt": [
        0.899140765092648,
        0.8952892853901699,
        0.9090083672072524,
        0.9006458649820297,
        0.8836354652784673,
        0.8789719697900037,
        0.855869391025641,
        0.860153565561971,
        0.8807176679179874,
        0.9102983998401055,
        0.9249045637422117,
        0.901706182323918,
        0.9196735840899265,
        0.95684539864063,
        0.9158674140152694,
        0.8965938038464021,
        0.9448047890421916,
        0.9287536661653535,
        0.8593215418285765,
        0.8573522968866014,
        0.897253893732767,
        0.8442573322099305,
        0.8561724623960698,
        0.8984327928642695,
        0.8458168432331541,
        0.9195348287269651,
        0.8858718539901527,
        0.7854154437269865,
        0.8980812324929972,
        0.8281251098494798,
        0.8347282449500026,
        0.9113308755800603,
        0.873470491680967,
        0.9021749723353956,
        0.9301179745225038,
        0.8989094219835152,
        0.9030131734493276,
        0.8942024934877096,
        0.9209142549243953,
        0.8447115863994417,
        0.8565778174131324,
        0.8619008517112429,
        0.893427941581703,
        0.5,
        0.5,
        0.5,
        0.5,
        0.5
    ],