{
    "prec": [
        1.0,
        0.9755766621438263,
        0.9881266490765171,
        0.9931506849315068,
        0.9969512195121951,
        0.9615975422427036,
        1.0,
        1.0,
        0.9911504424778761,
        0.9876543209876543,
        0.9984848484848485,
        0.9832935560859188,
        0.9899280575539569,
        0.9986091794158554,
        1.0,
        0.990521327014218,
        1.0,
        0.9972222222222222,
        0.9920424403183024,
        1.0,
        0.8411214953271028,
        0.978021978021978,
        1.0,
        0.9801324503311258,
        1.0,
        0.9978902953586498,
        0.8483412322274881,
        1.0,
        0.9933774834437086,
        1.0,
        0.9310344827586207,
        0.9853479853479854,
        1.0,
        0.9905660377358491,
        0.9917355371900827,
        0.9948186528497409,
        1.0,
        1.0,
        0.9956521739130435,
        1.0,
        0.9886363636363636,
        1.0,
        1.0,
        1.0,
        1.0,
        1.0,
        0.9867549668874173,
        1.0
    ],
    "reca": [
        1.0,
        0.9986111111111111,
        0.9986666666666667,
        0.9666666666666667,
        0.990909090909091,
        0.9936507936507937,
        0.9533333333333334,
        0.9977777777777778,
        0.9955555555555555,
        1.0,
        0.9984848484848485,
        0.9809523809523809,
        0.9971014492753624,
        0.9972222222222222,
        0.9962962962962963,
        0.9952380952380953,
        1.0,
        0.9972222222222222,
        0.958974358974359,
        1.0,
        1.0,
        0.9888888888888889,
        0.9666666666666667,
        0.9866666666666667,
        0.9777777777777777,
        0.9854166666666667,
        0.9944444444444445,
        0.5,
        1.0,
        1.0,
        0.9,
        0.9962962962962963,
        1.0,
        1.0,
        1.0,
        0.9846153846153847,
        1.0,
        1.0,
        0.9956521739130435,
        0.9777777777777777,
        0.9666666666666667,
        0.9166666666666666,
        1.0,
        1.0,
        1.0,
        0.78,
        0.9802631578947368,
        0.9038461538461539
    ],
    "spec": [
        1.0,
        0.9985259192531324,
        0.9992605980939862,
        0.9997596153846153,
        0.999836867862969,
        0.9979692957517667,
        1.0,
        1.0,
        0.9996791786974655,
        0.9995176073323685,
        0.9999183939937979,
        0.9994403134244823,
        0.9994276837543946,
        0.9999179991799918,
        1.0,
        0.9998425816607635,
        1.0,
        0.99992034411343,
        0.9997607846264254,
        1.0,
        0.9986759093387335,
        0.9998440545808966,
        1.0,
        0.9997650191900995,
        1.0,
        0.99991961414791,
        0.9974931453192323,
        1.0,
        0.9999216485152393,
        1.0,
        0.9992179557362947,
        0.9996837194591602,
        1.0,
        0.9998425692695214,
        0.9999218322520128,
        0.9998403830806065,
        1.0,
        1.0,
        0.9997546614327772,
        1.0,
        0.9999220333697177,
        1.0,
        1.0,
        1.0,
        1.0,
        1.0,
        0.999843321582452,
        1.0
    ],
    "posl": [
        Infinity,
        677.3888888888735,
        1351.4444444443607,
        4158.999999999054,
        6128.999999999518,
        491.44000000000625,
        Infinity,
        Infinity,
        3115.9999999996517,
        2071.9999999997776,
        12252.999999992528,
        1785.714285714164,
        1746.2857142858434,
        12194.000000000166,
        Infinity,
        6351.499999998911,
        Infinity,
        12553.000000003409,
        4179.333333334112,
        Infinity,
        754.2352941176287,
        6411.4999999983565,
        Infinity,
        4254.666666667555,
        Infinity,
        12439.000000000984,
        397.9062500000002,
        Infinity,
        12761.999999997335,
        Infinity,
        1277.7000000000141,
        3160.749999999609,
        Infinity,
        6351.000000000361,
        12791.999999998434,
        6263.999999999073,
        Infinity,
        Infinity,
        4075.000000000246,
        Infinity,
        12824.999999997286,
        Infinity,
        Infinity,
        Infinity,
        Infinity,
        Infinity,
        6381.500000000851,
        Infinity
    ],
    "negl": [
        0.0,
        0.0014762568686951868,
        0.0007399490257338286,
        0.00024044241404189167,
        0.00016315875346713634,
        0.0020348363991534823,
        0.0,
        0.0,
        0.00032092426187423355,
        0.00048262548262553446,
        8.161266628585733e-05,
        0.0005600000000000382,
        0.0005726439790575493,
        8.200754469411074e-05,
        0.0,
        0.0001574431236716006,
        0.0,
        7.96622321357228e-05,
        0.00023927261126171966,
        0.0,
        0.0013258462018406188,
        0.00015596974187011717,
        0.0,
        0.00023503603885924272,
        0.0,
        8.039231449472795e-05,
        0.0025131547946281303,
        0.0,
        7.835762419685071e-05,
        0.0,
        0.0007826563356030281,
        0.00031638060586889943,
        0.0,
        0.00015745551881592555,
        7.817385866167311e-05,
        0.00015964240102173498,
        0.0,
        0.0,
        0.00024539877300612013,
        0.0,
        7.797270955167342e-05,
        0.0,
        0.0,
        0.0,
        0.0,
        0.0,
        0.00015670296952125152,
        0.0
    ],
    "bcrt": [
        1.0,
        0.9985685151821218,
        0.9989636323803264,
        0.9832131410256411,
        0.99537297938603,
        0.9958100447012802,
        0.9766666666666667,
        0.9988888888888889,
        0.9976173671265105,
        0.9997588036661842,
        0.9992016212393232,
        0.9901963471884316,
        0.9982645665148785,
        0.998570110701107,
        0.9981481481481482,
        0.9975403384494294,
        1.0,
        0.9985712831678262,
        0.9793675718003922,
        1.0,
        0.9993379546693668,
        0.9943664717348928,
        0.9833333333333334,
        0.993215842928383,
        0.9888888888888889,
        0.9926681404072883,
        0.9959687948818383,
        0.75,
        0.9999608242576197,
        1.0,
        0.9496089778681474,
        0.9979900078777283,
        1.0,
        0.9999212846347607,
        0.9999609161260063,
        0.9922278838479957,
        1.0,
        1.0,
        0.9977034176729104,
        0.9888888888888889,
        0.9832943500181922,
        0.9583333333333333,
        1.0,
        1.0,
        1.0,
        0.89,
        0.9900532397385944,
        0.9519230769230769
    ],
    "bert": [
        0.0,
        0.001431484817878248,
        0.0010363676196736282,
        0.016786858974358942,
        0.004627020613970023,
        0.004189955298719794,
        0.023333333333333317,
        0.0011111111111110628,
        0.0023826328734894986,
        0.0002411963338158074,
        0.0007983787606767878,
        0.009803652811568364,
        0.001735433485121507,
        0.0014298892988929834,
        0.0018518518518517713,
        0.0024596615505706465,
        0.0,
        0.0014287168321738264,
        0.020632428199607755,
        0.0,
        0.0006620453306331875,
        0.005633528265107213,
        0.016666666666666607,
        0.0067841570716169475,
        0.011111111111111072,
        0.007331859592711654,
        0.004031205118161685,
        0.25,
        3.9175742380326284e-05,
        0.0,
        0.05039102213185265,
        0.0020099921222717088,
        0.0,
        7.871536523929024e-05,
        3.908387399365054e-05,
        0.007772116152004349,
        0.0,
        0.0,
        0.0022965823270896246,
        0.011111111111111072,
        0.01670564998180779,
        0.04166666666666674,
        0.0,
        0.0,
        0.0,
        0.10999999999999999,
        0.009946760261405618,
        0.04807692307692313
    ],